Province/State,Country/Region,Day,Time,Confirmed,Suspected,Recovered,Deaths,Demised
Yunnan,Mainland China,2020-01-21,00:00:00,1.0,,,,
Hubei,Mainland China,2020-01-21,00:00:00,270.0,11.0,,,
Zhejiang,Mainland China,2020-01-21,00:00:00,5.0,16.0,,,
Henan,Mainland China,2020-01-21,00:00:00,1.0,,,,
Jiangxi,Mainland China,2020-01-21,00:00:00,2.0,,,,
Guangxi,Mainland China,2020-01-21,00:00:00,,1.0,,,
Guangdong,Mainland China,2020-01-21,00:00:00,17.0,4.0,,,
Shandong,Mainland China,2020-01-21,00:00:00,1.0,,,,
Anhui,Mainland China,2020-01-21,00:00:00,,3.0,,,
Ningxia,Mainland China,2020-01-21,00:00:00,,1.0,,,
Tianjin,Mainland China,2020-01-21,00:00:00,2.0,,,,
Sichuan,Mainland China,2020-01-21,00:00:00,2.0,1.0,,,
Jilin,Mainland China,2020-01-21,00:00:00,,1.0,,,
Taiwan,Mainland China,2020-01-21,00:00:00,1.0,,,,
Beijing,Mainland China,2020-01-21,00:00:00,10.0,,,,
Shanghai,Mainland China,2020-01-21,00:00:00,9.0,10.0,,,
Hunan,Mainland China,2020-01-21,00:00:00,1.0,,,,
Guizhou,Mainland China,2020-01-21,00:00:00,,1.0,,,
Hainan,Mainland China,2020-01-21,00:00:00,,1.0,,,
Chongqing,Mainland China,2020-01-21,00:00:00,5.0,,,,
Hong Kong,Mainland China,2020-01-21,00:00:00,,117.0,,,
Heilongjiang,Mainland China,2020-01-21,00:00:00,,1.0,,,
,Japan,2020-01-21,00:00:00,1.0,,,,
,Thailand,2020-01-21,00:00:00,2.0,,,,
,South Korea,2020-01-21,00:00:00,1.0,,,,
Washington,United States,2020-01-21,00:00:00,1.0,,,,
Liaoning,Mainland China,2020-01-21,00:00:00,,1.0,,,
Jiangsu,Mainland China,2020-01-22,12:00:00,1.0,,,,
Inner Mongolia,Mainland China,2020-01-22,12:00:00,,,,,
Hunan,Mainland China,2020-01-22,12:00:00,4.0,,,,
Hubei,Mainland China,2020-01-22,12:00:00,444.0,,,,
Hong Kong,Mainland China,2020-01-22,12:00:00,,117.0,,,
Henan,Mainland China,2020-01-22,12:00:00,5.0,,,,
Anhui,Mainland China,2020-01-22,12:00:00,1.0,4.0,,,
Heilongjiang,Mainland China,2020-01-22,12:00:00,,1.0,,,
Gansu,Mainland China,2020-01-22,12:00:00,,,,,
Chongqing,Mainland China,2020-01-22,12:00:00,6.0,,,,
Fujian,Mainland China,2020-01-22,12:00:00,1.0,,,,
Guangdong,Mainland China,2020-01-22,12:00:00,26.0,1.0,,,
Guangxi,Mainland China,2020-01-22,12:00:00,2.0,1.0,,,
Guizhou,Mainland China,2020-01-22,12:00:00,1.0,,,,
Hainan,Mainland China,2020-01-22,12:00:00,4.0,,,,
Hebei,Mainland China,2020-01-22,12:00:00,1.0,,,,
Jiangxi,Mainland China,2020-01-22,12:00:00,2.0,,,,
Beijing,Mainland China,2020-01-22,12:00:00,14.0,,,,
Jilin,Mainland China,2020-01-22,12:00:00,,1.0,,,
Taiwan,Mainland China,2020-01-22,12:00:00,1.0,,,,
Macau,Mainland China,2020-01-22,12:00:00,1.0,,,,
Tianjin,Mainland China,2020-01-22,12:00:00,4.0,,,,
Tibet,Mainland China,2020-01-22,12:00:00,,,,,
Washington,US,2020-01-22,12:00:00,1.0,,,,
Xinjiang,Mainland China,2020-01-22,12:00:00,,,,,
Yunnan,Mainland China,2020-01-22,12:00:00,1.0,,,,
Liaoning,Mainland China,2020-01-22,12:00:00,2.0,,,,
,Japan,2020-01-22,12:00:00,2.0,,,,
,Thailand,2020-01-22,12:00:00,2.0,,,,
Zhejiang,Mainland China,2020-01-22,12:00:00,10.0,,,,
Sichuan,Mainland China,2020-01-22,12:00:00,5.0,2.0,,,
Shanxi,Mainland China,2020-01-22,12:00:00,1.0,,,,
Shanghai,Mainland China,2020-01-22,12:00:00,9.0,10.0,,,
Shandong,Mainland China,2020-01-22,12:00:00,2.0,,,,
Shaanxi,Mainland China,2020-01-22,12:00:00,,,,,
Qinghai,Mainland China,2020-01-22,12:00:00,,,,,
Ningxia,Mainland China,2020-01-22,12:00:00,1.0,,,,
,South Korea,2020-01-22,12:00:00,1.0,,,,
,Philippines,2020-01-23,12:00:00,,4.0,,,
,Colombia,2020-01-23,12:00:00,,1.0,,,
,Brazil,2020-01-23,12:00:00,,1.0,,,
,Mexico,2020-01-23,12:00:00,,1.0,,,
,Australia,2020-01-23,12:00:00,,1.0,,,
,Vietnam,2020-01-23,12:00:00,2.0,,,,
,Malaysia,2020-01-23,12:00:00,,4.0,,,
,Singapore,2020-01-23,12:00:00,1.0,,,,
Jiangxi,Mainland China,2020-01-23,12:00:00,7.0,,,,
,Thailand,2020-01-23,12:00:00,3.0,,,,
Beijing,Mainland China,2020-01-23,12:00:00,22.0,,,,
Chongqing,Mainland China,2020-01-23,12:00:00,9.0,,,,
Fujian,Mainland China,2020-01-23,12:00:00,5.0,2.0,,,
Gansu,Mainland China,2020-01-23,12:00:00,2.0,,,,
Guangdong,Mainland China,2020-01-23,12:00:00,32.0,1.0,2.0,,
Guangxi,Mainland China,2020-01-23,12:00:00,5.0,,,,
Guizhou,Mainland China,2020-01-23,12:00:00,3.0,,,,
Hainan,Mainland China,2020-01-23,12:00:00,5.0,32.0,,,
Hebei,Mainland China,2020-01-23,12:00:00,1.0,,,,1.0
Heilongjiang,Mainland China,2020-01-23,12:00:00,2.0,,,,
Henan,Mainland China,2020-01-23,12:00:00,5.0,,,,
Hong Kong,Hong Kong,2020-01-23,12:00:00,2.0,65.0,,,
Hubei,Mainland China,2020-01-23,12:00:00,444.0,,28.0,,17.0
Hunan,Mainland China,2020-01-23,12:00:00,9.0,,,,
Inner Mongolia,Mainland China,2020-01-23,12:00:00,,1.0,,,
Jiangsu,Mainland China,2020-01-23,12:00:00,5.0,,,,
Anhui,Mainland China,2020-01-23,12:00:00,9.0,4.0,,,
,South Korea,2020-01-23,12:00:00,1.0,,,,
Liaoning,Mainland China,2020-01-23,12:00:00,3.0,,,,
Ningxia,Mainland China,2020-01-23,12:00:00,1.0,,,,
Qinghai,Mainland China,2020-01-23,12:00:00,,,,,
Shaanxi,Mainland China,2020-01-23,12:00:00,3.0,1.0,,,
Shanghai,Mainland China,2020-01-23,12:00:00,16.0,22.0,,,
Shanxi,Mainland China,2020-01-23,12:00:00,1.0,,,,
Sichuan,Mainland China,2020-01-23,12:00:00,8.0,2.0,,,
Taiwan,Taiwan,2020-01-23,12:00:00,1.0,,,,
Shandong,Mainland China,2020-01-23,12:00:00,6.0,2.0,,,
Tibet,Mainland China,2020-01-23,12:00:00,,,,,
Tianjin,Mainland China,2020-01-23,12:00:00,4.0,,,,
Macau,Macau,2020-01-23,12:00:00,2.0,,,,
,Japan,2020-01-23,12:00:00,1.0,,,,
Zhejiang,Mainland China,2020-01-23,12:00:00,27.0,,,,
Jilin,Mainland China,2020-01-23,12:00:00,1.0,,,,
Yunnan,Mainland China,2020-01-23,12:00:00,2.0,,,,
Xinjiang,Mainland China,2020-01-23,12:00:00,2.0,,,,
Washington,US,2020-01-23,12:00:00,1.0,,,,
,France,2020-01-24,16:00:00,2.0,,,,
Hubei,Mainland China,2020-01-25,22:00:00,1052.0,,42.0,52.0,
Zhejiang,Mainland China,2020-01-25,22:00:00,104.0,,1.0,,
Ontario,Canada,2020-01-26,23:00:00,1.0,,,,
,Malaysia,2020-01-26,23:00:00,4.0,,,,
,Nepal,2020-01-26,23:00:00,1.0,,,,
,Australia,2020-01-26,23:00:00,4.0,,,,
,France,2020-01-26,23:00:00,3.0,,,,
,Vietnam,2020-01-26,23:00:00,2.0,,,,
,South Korea,2020-01-26,23:00:00,3.0,,,,
,Thailand,2020-01-26,23:00:00,8.0,,2.0,,
Shanxi,Mainland China,2020-01-26,23:00:00,13.0,,,,
Gansu,Mainland China,2020-01-26,23:00:00,14.0,,,,
Tianjin,Mainland China,2020-01-26,23:00:00,14.0,,,,
Hebei,Mainland China,2020-01-26,23:00:00,18.0,,,1.0,
Yunnan,Mainland China,2020-01-26,23:00:00,19.0,,,,
Heilongjiang,Mainland China,2020-01-26,23:00:00,21.0,,,1.0,
Shaanxi,Mainland China,2020-01-26,23:00:00,22.0,,,,
Hainan,Mainland China,2020-01-26,23:00:00,22.0,,,,
Liaoning,Mainland China,2020-01-26,23:00:00,23.0,,,,
Fujian,Mainland China,2020-01-26,23:00:00,35.0,,,,
Guangxi,Mainland China,2020-01-26,23:00:00,46.0,,,,
Jiangsu,Mainland China,2020-01-26,23:00:00,47.0,,1.0,,
Shanghai,Mainland China,2020-01-26,23:00:00,53.0,,1.0,1.0,
Shandong,Mainland China,2020-01-26,23:00:00,63.0,,,,
Beijing,Mainland China,2020-01-26,23:00:00,68.0,,2.0,,
Sichuan,Mainland China,2020-01-26,23:00:00,69.0,,,,
Anhui,Mainland China,2020-01-26,23:00:00,70.0,,,,
Hunan,Mainland China,2020-01-26,23:00:00,100.0,,,,
Chongqing,Mainland China,2020-01-26,23:00:00,110.0,,,,
Henan,Mainland China,2020-01-26,23:00:00,128.0,,,1.0,
Zhejiang,Mainland China,2020-01-26,23:00:00,128.0,,1.0,,
Guangdong,Mainland China,2020-01-26,23:00:00,146.0,,2.0,,
Hubei,Mainland China,2020-01-26,23:00:00,1423.0,,44.0,76.0,
Inner Mongolia,Mainland China,2020-01-26,23:00:00,11.0,,,,
,Singapore,2020-01-26,23:00:00,4.0,,,,
Hong Kong,Hong Kong,2020-01-26,23:00:00,8.0,,,,
Jilin,Mainland China,2020-01-26,23:00:00,6.0,,,,
,Japan,2020-01-26,23:00:00,4.0,,1.0,,
Arizona,US,2020-01-26,23:00:00,1.0,,,,
California,US,2020-01-26,23:00:00,2.0,,,,
Illinois,US,2020-01-26,23:00:00,1.0,,,,
Washington,US,2020-01-26,23:00:00,1.0,,,,
Qinghai,Mainland China,2020-01-26,23:00:00,4.0,,,,
Guizhou,Mainland China,2020-01-26,23:00:00,7.0,,,,
Jiangxi,Mainland China,2020-01-26,23:00:00,48.0,,,,
Macau,Macau,2020-01-26,23:00:00,6.0,,,,
Xinjiang,Mainland China,2020-01-26,23:00:00,5.0,,,,
Ningxia,Mainland China,2020-01-26,23:00:00,4.0,,,,
Taiwan,Taiwan,2020-01-26,23:00:00,4.0,,,,
,Nepal,2020-01-27,20:30:00,1.0,,,,
Zhejiang,Mainland China,2020-01-27,20:30:00,173.0,,1.0,,
Inner Mongolia,Mainland China,2020-01-27,20:30:00,11.0,,,,
Gansu,Mainland China,2020-01-27,20:30:00,19.0,,,,
Shanxi,Mainland China,2020-01-27,20:30:00,20.0,,,,
Tianjin,Mainland China,2020-01-27,20:30:00,23.0,,,,
Yunnan,Mainland China,2020-01-27,20:30:00,26.0,,,,
Liaoning,Mainland China,2020-01-27,20:30:00,27.0,,,,
Heilongjiang,Mainland China,2020-01-27,20:30:00,30.0,,,1.0,
Hebei,Mainland China,2020-01-27,20:30:00,33.0,,,1.0,
Hainan,Mainland China,2020-01-27,20:30:00,33.0,,,1.0,
Shaanxi,Mainland China,2020-01-27,20:30:00,35.0,,,,
Guizhou,Mainland China,2020-01-27,20:30:00,9.0,,,,
Guangxi,Mainland China,2020-01-27,20:30:00,51.0,,,,
Shanghai,Mainland China,2020-01-27,20:30:00,66.0,,3.0,1.0,
Jiangsu,Mainland China,2020-01-27,20:30:00,70.0,,1.0,,
Jiangxi,Mainland China,2020-01-27,20:30:00,72.0,,2.0,,
Beijing,Mainland China,2020-01-27,20:30:00,80.0,,2.0,1.0,
Shandong,Mainland China,2020-01-27,20:30:00,87.0,,,1.0,
Sichuan,Mainland China,2020-01-27,20:30:00,90.0,,,,
Hunan,Mainland China,2020-01-27,20:30:00,100.0,,,,
Anhui,Mainland China,2020-01-27,20:30:00,106.0,,,,
Chongqing,Mainland China,2020-01-27,20:30:00,132.0,,,,
Guangdong,Mainland China,2020-01-27,20:30:00,151.0,,4.0,,
Fujian,Mainland China,2020-01-27,20:30:00,59.0,,,,
Henan,Mainland China,2020-01-27,20:30:00,168.0,,,1.0,
Hong Kong,Hong Kong,2020-01-27,20:30:00,8.0,,,,
Jilin,Mainland China,2020-01-27,20:30:00,6.0,,,,
Bavaria,Germany,2020-01-27,20:30:00,1.0,,,,
Victoria,Australia,2020-01-27,20:30:00,1.0,,,,
New South Wales,Australia,2020-01-27,20:30:00,4.0,,,,
,Ivory Coast,2020-01-27,20:30:00,,,,,
,Sri Lanka,2020-01-27,20:30:00,1.0,,,,
,Cambodia,2020-01-27,20:30:00,1.0,,,,
Ontario,Canada,2020-01-27,20:30:00,1.0,,,,
,Malaysia,2020-01-27,20:30:00,4.0,,,,
,France,2020-01-27,20:30:00,3.0,,,,
,Vietnam,2020-01-27,20:30:00,2.0,,,,
Ningxia,Mainland China,2020-01-27,20:30:00,7.0,,,,
,Singapore,2020-01-27,20:30:00,5.0,,,,
,Thailand,2020-01-27,20:30:00,8.0,,2.0,,
,Japan,2020-01-27,20:30:00,4.0,,1.0,,
Arizona,US,2020-01-27,20:30:00,1.0,,,,
California,US,2020-01-27,20:30:00,2.0,,,,
Illinois,US,2020-01-27,20:30:00,1.0,,,,
Washington,US,2020-01-27,20:30:00,1.0,,,,
Xinjiang,Mainland China,2020-01-27,20:30:00,5.0,,,,
Taiwan,Taiwan,2020-01-27,20:30:00,5.0,,,,
Qinghai,Mainland China,2020-01-27,20:30:00,6.0,,,,
Macau,Macau,2020-01-27,20:30:00,6.0,,,,
,South Korea,2020-01-27,20:30:00,4.0,,,,
Hubei,Mainland China,2020-01-27,20:30:00,2714.0,,47.0,100.0,
British Columbia,Canada,2020-01-28,23:00:00,1.0,,,,
,Cambodia,2020-01-28,23:00:00,1.0,,,,
,Malaysia,2020-01-28,23:00:00,7.0,,,,
Ontario,Canada,2020-01-28,23:00:00,1.0,,,,
Hunan,Mainland China,2020-01-28,23:00:00,221.0,,,,
New South Wales,Australia,2020-01-28,23:00:00,4.0,,,,
Victoria,Australia,2020-01-28,23:00:00,1.0,,,,
,Nepal,2020-01-28,23:00:00,1.0,,,,
Bavaria,Germany,2020-01-28,23:00:00,4.0,,,,
,Sri Lanka,2020-01-28,23:00:00,1.0,,,,
Guangdong,Mainland China,2020-01-28,23:00:00,241.0,,5.0,,
Xinjiang,Mainland China,2020-01-28,23:00:00,13.0,,,,
Zhejiang,Mainland China,2020-01-28,23:00:00,296.0,,3.0,,
Ningxia,Mainland China,2020-01-28,23:00:00,12.0,,,,
Guizhou,Mainland China,2020-01-28,23:00:00,9.0,,,,
,France,2020-01-28,23:00:00,4.0,,,,
,Vietnam,2020-01-28,23:00:00,2.0,,,,
Jilin,Mainland China,2020-01-28,23:00:00,9.0,,,,
Hong Kong,Hong Kong,2020-01-28,23:00:00,8.0,,,,
Taiwan,Taiwan,2020-01-28,23:00:00,8.0,,,,
Inner Mongolia,Mainland China,2020-01-28,23:00:00,16.0,,,,
Macau,Macau,2020-01-28,23:00:00,7.0,,,,
Hubei,Mainland China,2020-01-28,23:00:00,3554.0,,80.0,125.0,
Illinois,US,2020-01-28,23:00:00,1.0,,,,
California,US,2020-01-28,23:00:00,2.0,,,,
Arizona,US,2020-01-28,23:00:00,1.0,,,,
,Japan,2020-01-28,23:00:00,7.0,,1.0,,
,Thailand,2020-01-28,23:00:00,14.0,,5.0,,
,South Korea,2020-01-28,23:00:00,4.0,,,,
Qinghai,Mainland China,2020-01-28,23:00:00,6.0,,,,
,Singapore,2020-01-28,23:00:00,7.0,,,,
Gansu,Mainland China,2020-01-28,23:00:00,24.0,,,,
Shanxi,Mainland China,2020-01-28,23:00:00,27.0,,,,
Henan,Mainland China,2020-01-28,23:00:00,206.0,,1.0,2.0,
Anhui,Mainland China,2020-01-28,23:00:00,152.0,,,,
Chongqing,Mainland China,2020-01-28,23:00:00,147.0,,1.0,,
Shandong,Mainland China,2020-01-28,23:00:00,121.0,,,,
Jiangxi,Mainland China,2020-01-28,23:00:00,109.0,,3.0,,
Sichuan,Mainland China,2020-01-28,23:00:00,108.0,,,,
Jiangsu,Mainland China,2020-01-28,23:00:00,99.0,,1.0,,
Beijing,Mainland China,2020-01-28,23:00:00,91.0,,4.0,1.0,
Tianjin,Mainland China,2020-01-28,23:00:00,25.0,,,,
Fujian,Mainland China,2020-01-28,23:00:00,82.0,,,,
Guangxi,Mainland China,2020-01-28,23:00:00,58.0,,2.0,,
Shaanxi,Mainland China,2020-01-28,23:00:00,56.0,,,,
Hebei,Mainland China,2020-01-28,23:00:00,48.0,,,1.0,
Yunnan,Mainland China,2020-01-28,23:00:00,44.0,,,,
Hainan,Mainland China,2020-01-28,23:00:00,43.0,,,1.0,
Heilongjiang,Mainland China,2020-01-28,23:00:00,37.0,,,1.0,
Liaoning,Mainland China,2020-01-28,23:00:00,36.0,,,,
Shanghai,Mainland China,2020-01-28,23:00:00,80.0,,4.0,1.0,
,United Arab Emirates,2020-01-29,21:00:00,4.0,,,,
,Finland,2020-01-29,21:00:00,1.0,,,,
Guizhou,Mainland China,2020-01-29,21:00:00,12.0,,1.0,,
Hong Kong,Hong Kong,2020-01-29,21:00:00,10.0,,,,
Taiwan,Taiwan,2020-01-29,21:00:00,8.0,,,,
Macau,Macau,2020-01-29,21:00:00,7.0,,,,
Qinghai,Mainland China,2020-01-29,21:00:00,6.0,,,,
Tibet,Mainland China,2020-01-29,21:00:00,1.0,,,,
Washington,US,2020-01-29,21:00:00,1.0,,,,
Illinois,US,2020-01-29,21:00:00,1.0,,,,
California,US,2020-01-29,21:00:00,2.0,,,,
Arizona,US,2020-01-29,21:00:00,1.0,,,,
,Japan,2020-01-29,21:00:00,11.0,,1.0,,
,Thailand,2020-01-29,21:00:00,14.0,,5.0,,
,South Korea,2020-01-29,21:00:00,4.0,,,,
,Singapore,2020-01-29,21:00:00,10.0,,,,
,Vietnam,2020-01-29,21:00:00,2.0,,,,
,France,2020-01-29,21:00:00,5.0,,,,
,Nepal,2020-01-29,21:00:00,1.0,,,,
,Malaysia,2020-01-29,21:00:00,7.0,,,,
Ontario,Canada,2020-01-29,21:00:00,2.0,,,,
British Columbia,Canada,2020-01-29,21:00:00,1.0,,,,
,Cambodia,2020-01-29,21:00:00,1.0,,,,
,Sri Lanka,2020-01-29,21:00:00,1.0,,,,
New South Wales,Australia,2020-01-29,21:00:00,4.0,,,,
Victoria,Australia,2020-01-29,21:00:00,2.0,,,,
Ningxia,Mainland China,2020-01-29,21:00:00,12.0,,,,
Hubei,Mainland China,2020-01-29,21:00:00,4586.0,,90.0,162.0,
Xinjiang,Mainland China,2020-01-29,21:00:00,14.0,,,,
Jilin,Mainland China,2020-01-29,21:00:00,14.0,,1.0,,
Zhejiang,Mainland China,2020-01-29,21:00:00,428.0,,4.0,,
Guangdong,Mainland China,2020-01-29,21:00:00,311.0,,6.0,,
Henan,Mainland China,2020-01-29,21:00:00,278.0,,2.0,2.0,
Hunan,Mainland China,2020-01-29,21:00:00,277.0,,,,
Anhui,Mainland China,2020-01-29,21:00:00,200.0,,2.0,,
Chongqing,Mainland China,2020-01-29,21:00:00,165.0,,1.0,,
Jiangxi,Mainland China,2020-01-29,21:00:00,162.0,,4.0,,
Shandong,Mainland China,2020-01-29,21:00:00,145.0,,1.0,,
Sichuan,Mainland China,2020-01-29,21:00:00,142.0,,1.0,1.0,
Jiangsu,Mainland China,2020-01-29,21:00:00,129.0,,1.0,,
Beijing,Mainland China,2020-01-29,21:00:00,111.0,,4.0,1.0,
Queensland,Australia,2020-01-29,21:00:00,1.0,,,,
Shanghai,Mainland China,2020-01-29,21:00:00,101.0,,5.0,1.0,
Guangxi,Mainland China,2020-01-29,21:00:00,78.0,,2.0,,
Hebei,Mainland China,2020-01-29,21:00:00,65.0,,,1.0,
Shaanxi,Mainland China,2020-01-29,21:00:00,56.0,,,,
Yunnan,Mainland China,2020-01-29,21:00:00,55.0,,,,
Hainan,Mainland China,2020-01-29,21:00:00,43.0,,,1.0,
Heilongjiang,Mainland China,2020-01-29,21:00:00,43.0,,,1.0,
Liaoning,Mainland China,2020-01-29,21:00:00,39.0,,1.0,,
Shanxi,Mainland China,2020-01-29,21:00:00,35.0,,1.0,,
Tianjin,Mainland China,2020-01-29,21:00:00,27.0,,,,
Gansu,Mainland China,2020-01-29,21:00:00,26.0,,,,
Inner Mongolia,Mainland China,2020-01-29,21:00:00,16.0,,,,
Fujian,Mainland China,2020-01-29,21:00:00,101.0,,,,
Bavaria,Germany,2020-01-29,21:00:00,4.0,,,,
Ontario,Canada,2020-01-30,21:30:00,2.0,,,,
,India,2020-01-30,21:30:00,1.0,,,,
Inner Mongolia,Mainland China,2020-01-30,21:30:00,20.0,,,,
Ningxia,Mainland China,2020-01-30,21:30:00,21.0,,1.0,,
Gansu,Mainland China,2020-01-30,21:30:00,29.0,,,,
Tianjin,Mainland China,2020-01-30,21:30:00,32.0,,,,
Shanxi,Mainland China,2020-01-30,21:30:00,39.0,,1.0,,
Liaoning,Mainland China,2020-01-30,21:30:00,45.0,,1.0,,
Hainan,Mainland China,2020-01-30,21:30:00,50.0,,1.0,1.0,
Heilongjiang,Mainland China,2020-01-30,21:30:00,59.0,,,2.0,
Shaanxi,Mainland China,2020-01-30,21:30:00,87.0,,,,
Yunnan,Mainland China,2020-01-30,21:30:00,76.0,,,,
Hebei,Mainland China,2020-01-30,21:30:00,82.0,,,1.0,
Fujian,Mainland China,2020-01-30,21:30:00,101.0,,,,
Xinjiang,Mainland China,2020-01-30,21:30:00,17.0,,,,
Beijing,Mainland China,2020-01-30,21:30:00,121.0,,5.0,1.0,
Jiangsu,Mainland China,2020-01-30,21:30:00,168.0,,2.0,,
Sichuan,Mainland China,2020-01-30,21:30:00,177.0,,1.0,1.0,
Shandong,Mainland China,2020-01-30,21:30:00,178.0,,2.0,,
Chongqing,Mainland China,2020-01-30,21:30:00,206.0,,1.0,,
Anhui,Mainland China,2020-01-30,21:30:00,237.0,,3.0,,
Jiangxi,Mainland China,2020-01-30,21:30:00,240.0,,7.0,,
Hunan,Mainland China,2020-01-30,21:30:00,332.0,,2.0,,
Henan,Mainland China,2020-01-30,21:30:00,352.0,,3.0,2.0,
Guangdong,Mainland China,2020-01-30,21:30:00,393.0,,11.0,,
Zhejiang,Mainland China,2020-01-30,21:30:00,537.0,,9.0,,
Hubei,Mainland China,2020-01-30,21:30:00,5806.0,,116.0,204.0,
,Italy,2020-01-30,21:30:00,2.0,,,,
Shanghai,Mainland China,2020-01-30,21:30:00,128.0,,9.0,1.0,
Guizhou,Mainland China,2020-01-30,21:30:00,15.0,,1.0,,
Guangxi,Mainland China,2020-01-30,21:30:00,87.0,,2.0,,
Hong Kong,Hong Kong,2020-01-30,21:30:00,12.0,,,,
,Philippines,2020-01-30,21:30:00,1.0,,,,
Jilin,Mainland China,2020-01-30,21:30:00,14.0,,1.0,,
,United Arab Emirates,2020-01-30,21:30:00,4.0,,,,
,Finland,2020-01-30,21:30:00,1.0,,,,
Bavaria,Germany,2020-01-30,21:30:00,4.0,,,,
Queensland,Australia,2020-01-30,21:30:00,3.0,,,,
Victoria,Australia,2020-01-30,21:30:00,2.0,,,,
New South Wales,Australia,2020-01-30,21:30:00,4.0,,2.0,,
,Sri Lanka,2020-01-30,21:30:00,1.0,,,,
British Columbia,Canada,2020-01-30,21:30:00,1.0,,,,
,Malaysia,2020-01-30,21:30:00,8.0,,,,
,Nepal,2020-01-30,21:30:00,1.0,,,,
,France,2020-01-30,21:30:00,5.0,,,,
,Cambodia,2020-01-30,21:30:00,1.0,,,,
,Singapore,2020-01-30,21:30:00,10.0,,,,
Taiwan,Taiwan,2020-01-30,21:30:00,9.0,,,,
,Vietnam,2020-01-30,21:30:00,2.0,,,,
Macau,Macau,2020-01-30,21:30:00,7.0,,,,
Tibet,Mainland China,2020-01-30,21:30:00,1.0,,,,
Washington,US,2020-01-30,21:30:00,1.0,,,,
Illinois,US,2020-01-30,21:30:00,2.0,,,,
Qinghai,Mainland China,2020-01-30,21:30:00,8.0,,,,
Arizona,US,2020-01-30,21:30:00,1.0,,,,
,Japan,2020-01-30,21:30:00,11.0,,1.0,,
,Thailand,2020-01-30,21:30:00,14.0,,5.0,,
,South Korea,2020-01-30,21:30:00,6.0,,,,
California,US,2020-01-30,21:30:00,2.0,,,,
Hubei,Mainland China,2020-01-31,19:00:00,7153.0,,169.0,249.0,
Illinois,US,2020-01-31,19:00:00,2.0,,,,
California,US,2020-01-31,19:00:00,3.0,,,,
Arizona,US,2020-01-31,19:00:00,1.0,,,,
,Japan,2020-01-31,19:00:00,17.0,,1.0,,
,Thailand,2020-01-31,19:00:00,19.0,,7.0,,
,South Korea,2020-01-31,19:00:00,11.0,,,,
,Singapore,2020-01-31,19:00:00,16.0,,,,
,Vietnam,2020-01-31,19:00:00,2.0,,,,
,France,2020-01-31,19:00:00,6.0,,,,
,Nepal,2020-01-31,19:00:00,1.0,,,,
,Malaysia,2020-01-31,19:00:00,8.0,,,,
Ontario,Canada,2020-01-31,19:00:00,2.0,,,,
British Columbia,Canada,2020-01-31,19:00:00,1.0,,,,
,Cambodia,2020-01-31,19:00:00,1.0,,,,
,Sri Lanka,2020-01-31,19:00:00,1.0,,,,
New South Wales,Australia,2020-01-31,19:00:00,4.0,,2.0,,
Victoria,Australia,2020-01-31,19:00:00,2.0,,,,
Queensland,Australia,2020-01-31,19:00:00,3.0,,,,
Bavaria,Germany,2020-01-31,19:00:00,7.0,,,,
,Finland,2020-01-31,19:00:00,1.0,,,,
,United Arab Emirates,2020-01-31,19:00:00,4.0,,,,
,Philippines,2020-01-31,19:00:00,1.0,,,,
,India,2020-01-31,19:00:00,1.0,,,,
,Italy,2020-01-31,19:00:00,2.0,,,,
,Sweden,2020-01-31,19:00:00,1.0,,,,
,Russia,2020-01-31,19:00:00,2.0,,,,
,Spain,2020-01-31,19:00:00,1.0,,,,
,UK,2020-01-31,19:00:00,2.0,,,,
Washington,US,2020-01-31,19:00:00,1.0,,,,
Tibet,Mainland China,2020-01-31,19:00:00,1.0,,,,
Macau,Macau,2020-01-31,19:00:00,7.0,,,,
Qinghai,Mainland China,2020-01-31,19:00:00,8.0,,,,
Guangdong,Mainland China,2020-01-31,19:00:00,436.0,,10.0,,
Henan,Mainland China,2020-01-31,19:00:00,352.0,,3.0,2.0,
Hunan,Mainland China,2020-01-31,19:00:00,332.0,,3.0,,
Jiangxi,Mainland China,2020-01-31,19:00:00,240.0,,7.0,,
Chongqing,Mainland China,2020-01-31,19:00:00,238.0,,1.0,1.0,
Anhui,Mainland China,2020-01-31,19:00:00,237.0,,3.0,,
Shandong,Mainland China,2020-01-31,19:00:00,184.0,,2.0,,
Sichuan,Mainland China,2020-01-31,19:00:00,177.0,,1.0,1.0,
Jiangsu,Mainland China,2020-01-31,19:00:00,168.0,,5.0,,
Shanghai,Mainland China,2020-01-31,19:00:00,153.0,,9.0,1.0,
Beijing,Mainland China,2020-01-31,19:00:00,139.0,,5.0,1.0,
Fujian,Mainland China,2020-01-31,19:00:00,120.0,,,,
Hebei,Mainland China,2020-01-31,19:00:00,96.0,,,1.0,
Zhejiang,Mainland China,2020-01-31,19:00:00,537.0,,14.0,,
Guangxi,Mainland China,2020-01-31,19:00:00,88.0,,2.0,,
Yunnan,Mainland China,2020-01-31,19:00:00,83.0,,1.0,,
Liaoning,Mainland China,2020-01-31,19:00:00,60.0,,1.0,,
Heilongjiang,Mainland China,2020-01-31,19:00:00,59.0,,,2.0,
Hainan,Mainland China,2020-01-31,19:00:00,58.0,,1.0,1.0,
Shanxi,Mainland China,2020-01-31,19:00:00,47.0,,1.0,,
Gansu,Mainland China,2020-01-31,19:00:00,35.0,,,,
Tianjin,Mainland China,2020-01-31,19:00:00,32.0,,,,
Guizhou,Mainland China,2020-01-31,19:00:00,29.0,,2.0,,
Ningxia,Mainland China,2020-01-31,19:00:00,21.0,,1.0,,
Inner Mongolia,Mainland China,2020-01-31,19:00:00,20.0,,,,
Xinjiang,Mainland China,2020-01-31,19:00:00,17.0,,,,
Hong Kong,Hong Kong,2020-01-31,19:00:00,13.0,,,,
Taiwan,Taiwan,2020-01-31,19:00:00,10.0,,,,
Shaanxi,Mainland China,2020-01-31,19:00:00,87.0,,,,
Jilin,Mainland China,2020-01-31,19:00:00,14.0,,1.0,,
